"dataset","split","ipt_objective","lambda","ipt_test_wealth","ppt_test_wealth","tppt_test_wealth","best_baseline","ipt_over_best","ipt_params"
"djia","dev60_test40","log_wealth_turnover","0.01","0.896684696351547","1.58838086629575","1.48526097133745","1.58838086629575","0.5645275106106623","L%92.5_w63_r21_q0.4_rev10_risk10"
"inv500","dev60_test40","log_wealth_turnover","0.01","2.61972842525044","0.446274148967233","0.481798084766539","0.481798084766539","5.437399001948836","L%92.5_w126_r21_q0.4_rev10_risk10"
"msci","dev60_test40","log_wealth_turnover","0.01","2.7670339468096","2.7670339468096","2.56445505719475","2.7670339468096","1","L%92.5_w63_r21_q0.3_rev0_risk0"
"ndx","dev60_test40","log_wealth_turnover","0.01","2.21004062100362","1.14281099725485","1.27428259650012","1.27428259650012","1.7343410536042831","L%92.5_w126_r21_q0.4_rev5_risk5"
"nyse-n","dev60_test40","log_wealth_turnover","0.01","525.871268574227","525.871268574227","395.527277942061","525.871268574227","1","L%92.5_w63_r21_q0.3_rev0_risk0"
"nyse-o","dev60_test40","log_wealth_turnover","0.01","288075.140964483","288075.140964483","297674.318392093","297674.318392093","0.9677527524730365","L%92.5_w63_r21_q0.3_rev0_risk0"
"tse","dev60_test40","log_wealth_turnover","0.01","1.4482878634506","1.4482878634506","1.4482878634506","1.4482878634506","1","L%92.5_w63_r21_q0.3_rev0_risk0"
