"dataset","ipt_test","ppt_test","tppt_test","best_baseline","ipt_over_best","max_turnover","reverse_factor","Q_clip_max","params"
"djia","0.896214994811119","1.58838086629575","1.48526097133745","1.58838086629575","0.5642317997075693","0.1","10","10","tcap0.1_rev10_Q10"
"hs300","0.437612401711393","0.0688160755585318","0.0674732166698353","0.0688160755585318","6.35915951555796","0.5","5","10","tcap0.5_rev5_Q10"
"inv500","2.29038422055849","0.446274148967233","0.481798084766539","0.481798084766539","4.75382591375041","0.1","10","10","tcap0.1_rev10_Q10"
"msci","2.7670339468096","2.7670339468096","2.56445505719475","2.7670339468096","1","2","0","10","tcap2_rev0_Q10"
"ndx","4.94246879985854","1.14281099725485","1.27428259650012","1.27428259650012","3.878628503154068","0.1","10","10","tcap0.1_rev10_Q10"
"nyse-n","525.871268574227","525.871268574227","395.527277942061","525.871268574227","1","2","0","10","tcap2_rev0_Q10"
"nyse-o","288075.140964484","288075.140964483","297674.318392093","297674.318392093","0.9677527524730398","2","0","10","tcap2_rev0_Q10"
"sz50","2.59568967447799","0.298402414841597","0.299362389890804","0.299362389890804","8.670727393059625","0.1","10","10","tcap0.1_rev10_Q10"
"tse","1.4482878634506","1.4482878634506","1.4482878634506","1.4482878634506","1","2","0","10","tcap2_rev0_Q10"
