"dataset","split","win_size","epsilon","tran_cost","ipt_grid","ipt_test_wealth","ppt_test_wealth","tppt_test_wealth","best_baseline","ipt_over_best","ipt_params"
"djia","dev60_test40","5","100","0.001","robust","1.58838086629575","1.58838086629575","1.48526097133745","1.58838086629575","1","L%95_w63_r21_q0.3_f0"
"inv500","dev60_test40","5","100","0.001","robust","0.446274148967233","0.446274148967233","0.481798084766539","0.481798084766539","0.9262680012177309","L%95_w63_r21_q0.3_f0"
"msci","dev60_test40","5","100","0.001","robust","2.7670339468096","2.7670339468096","2.56445505719475","2.7670339468096","1","L%95_w63_r21_q0.3_f0"
"ndx","dev60_test40","5","100","0.001","robust","1.14281099725485","1.14281099725485","1.27428259650012","1.27428259650012","0.8968269678905108","L%95_w63_r21_q0.3_f0"
"nyse-n","dev60_test40","5","100","0.001","robust","525.871268574227","525.871268574227","395.527277942061","525.871268574227","1","L%95_w63_r21_q0.3_f0"
"nyse-o","dev60_test40","5","100","0.001","robust","288075.140964483","288075.140964483","297674.318392093","297674.318392093","0.9677527524730365","L%95_w63_r21_q0.3_f0"
"tse","dev60_test40","5","100","0.001","robust","1.4482878634506","1.4482878634506","1.4482878634506","1.4482878634506","1","L%95_w63_r21_q0.3_f0"
